{"acc":0.8824429777567464,"loss":0.13315477657589186,"_timestamp":1.7612241955697932e+09,"_step":37,"_wandb":{"runtime":0},"_runtime":0}