{"_wandb":{"runtime":0},"_runtime":0,"_step":97,"acc":0.9467263033547438,"loss":0.05147401679637927,"_timestamp":1.7612242667849731e+09}