{"_step":7,"_wandb":{"runtime":0},"_runtime":0,"acc":0.79539791520245,"loss":0.1434145761492518,"_timestamp":1.761224120091514e+09}