{"_runtime":0,"acc":0.9525738425705712,"loss":0.052574318714088915,"_timestamp":1.7612241856277475e+09,"_step":27,"_wandb":{"runtime":0}}