{"acc":0.8819934884123762,"loss":0.1222742160172285,"_timestamp":1.761224245552262e+09,"_step":77,"_wandb":{"runtime":0},"_runtime":0}