{"_wandb":{"runtime":0},"_runtime":0,"_step":67,"acc":0.841106410770452,"loss":0.15855807236192804,"_timestamp":1.7612242351635258e+09}