{"_wandb":{"runtime":0},"_runtime":0,"acc":0.7935107180659368,"loss":0.19992333761223968,"_timestamp":1.7612241675454352e+09,"_step":17}