{"_step":47,"_wandb":{"runtime":0},"_runtime":0,"acc":0.8597985991561539,"loss":0.15120953793102065,"_timestamp":1.7612242112756484e+09}