{"_runtime":0,"acc":0.8823670000167314,"loss":0.12399771241928845,"_timestamp":1.7612242208876905e+09,"_step":57,"_wandb":{"runtime":0}}