{"_timestamp":1.761224254671549e+09,"_step":87,"acc":0.9893562108821407,"loss":0.013253821115001223,"_wandb":{"runtime":0},"_runtime":0}